date,price_usd
2016-09-19,608.871306312098
2016-09-20,608.371748626534
2016-09-21,596.945756633548
2016-09-22,595.564716540035
2016-09-23,602.378784921099
2016-09-24,602.687359731151
2016-09-25,600.610054880187
2016-09-26,606.778810637055
2016-09-27,605.151613734658
2016-09-28,604.686494389246
2016-09-29,605.202561952075
2016-09-30,608.865840736412
2016-10-01,615.408478842782
2016-10-02,611.748578316774
2016-10-03,612.590347399182
2016-10-04,610.007881355932
2016-10-05,612.147780946815
2016-10-06,611.76086277031
2016-10-07,617.905705143191
2016-10-08,619.301001753361
2016-10-09,617.101041320865
2016-10-10,618.0852
2016-10-11,642.981387258913
2016-10-12,636.59793220339
2016-10-13,635.444095324372
2016-10-14,639.586090298071
2016-10-15,637.283759322034
2016-10-16,642.913042548217
2016-10-17,639.137536469901
2016-10-18,635.576508591467
2016-10-19,629.640708036236
2016-10-20,628.598901110462
2016-10-21,630.90620338983
2016-10-22,654.508630976037
2016-10-23,651.961956750438
2016-10-24,650.027167153711
2016-10-25,655.792505084746
2016-10-26,675.109869316189
2016-10-27,686.523327060199
2016-10-28,690.390654938632
2016-10-29,715.445469316189
2016-10-30,699.333410987726
2016-10-31,698.897727995325
2016-11-01,730.578480011689
2016-11-02,740.367055523086
2016-11-03,689.939206954997
2016-11-04,705.432016656926
2016-11-05,706.819325569842
2016-11-06,715.896879777908
2016-11-07,706.181216773816
2016-11-08,711.835846580947
2016-11-09,721.50150993571
2016-11-10,713.407615604909
2016-11-11,715.703310637055
2016-11-12,703.847551139685
2016-11-13,703.626435300994
2016-11-14,705.643584161309
2016-11-15,712.3471528346
2016-11-16,742.050117592051
2016-11-17,735.318080537697
2016-11-18,749.57872729398
2016-11-19,751.213819403858
2016-11-20,730.350813617767
2016-11-21,736.506983927528
2016-11-22,747.997677966102
2016-11-23,741.240317942724
2016-11-24,737.35497597896
2016-11-25,739.685200175336
2016-11-26,734.652925891292
2016-11-27,727.741115838691
2016-11-28,730.082483752192
2016-11-29,731.646435710111
2016-11-30,742.20445131502
2016-12-01,753.674910111046
2016-12-02,772.302382729398
2016-12-03,766.110468147283
2016-12-04,766.380139099942
2016-12-05,752.670726241964
2016-12-06,759.117325774401
2016-12-07,764.987650087668
2016-12-08,767.659224634717
2016-12-09,771.902321098773
2016-12-10,775.474561309176
2016-12-11,770.496150496786
2016-12-12,778.506599064874
2016-12-13,778.930694564582
2016-12-14,776.963961484512
2016-12-15,776.176781998831
2016-12-16,782.230215897136
2016-12-17,789.60293220339
2016-12-18,790.632966526008
2016-12-19,790.279031677382
2016-12-20,799.777520748101
2016-12-21,828.4836792519
2016-12-22,858.50143395675
2016-12-23,915.562438340152
2016-12-24,891.155272063121
2016-12-25,896.003279310345
2016-12-26,903.201246639392
2016-12-27,925.950810461719
2016-12-28,979.960973991818
2016-12-29,973.462559438925
2016-12-30,961.182658153127
2016-12-31,968.970597019287
2017-01-01,997.257357977791
2017-01-02,1017.07788609001
2017-01-03,1032.60905318527
2017-01-04,1134.49644535359
2017-01-05,1000.49812893045
2017-01-06,892.463955639977
2017-01-07,903.453283635301
2017-01-08,912.484997077732
2017-01-09,903.508666803039
2017-01-10,906.498947399182
2017-01-11,788.314655990649
2017-01-12,807.109833547633
2017-01-13,826.746927410871
2017-01-14,820.045157276447
2017-01-15,824.547065166569
2017-01-16,830.838035067212
2017-01-17,906.026828112215
2017-01-18,881.259815371128
2017-01-19,902.263869959088
2017-01-20,895.174516189363
2017-01-21,924.46825949737
2017-01-22,922.467077381648
2017-01-23,919.115744126242
2017-01-24,887.743193804792
2017-01-25,895.690033255406
2017-01-26,916.6674685564
2017-01-27,920.454463471654
2017-01-28,922.774948568089
2017-01-29,915.63202314436
2017-01-30,920.313260783168
2017-01-31,968.499105669199
2017-02-01,987.532590414962
2017-02-02,1007.7043659848
2017-02-03,1015.30203945061
2017-02-04,1033.78597299825
2017-02-05,1014.56787574518
2017-02-06,1023.3174811806
2017-02-07,1053.62445902981
2017-02-08,1052.36764535359
2017-02-09,982.751939450614
2017-02-10,996.650153126827
2017-02-11,1011.37532220923
2017-02-12,1006.29646487434
2017-02-13,999.953184979545
2017-02-14,1012.2134635301
2017-02-15,1013.90384050263
2017-02-16,1036.80686475745
2017-02-17,1058.66992033898
2017-02-18,1060.66880488019
2017-02-19,1058.78640035067
2017-02-20,1088.68842922268
2017-02-21,1128.85529316189
2017-02-22,1129.70179064874
2017-02-23,1188.86178550555
2017-02-24,1185.48889158387
2017-02-25,1151.60473687902
2017-02-26,1181.71086586791
2017-02-27,1194.15245014611
2017-02-28,1188.39994073641
2017-03-01,1228.45965061368
2017-03-02,1262.93146738749
2017-03-03,1289.36319111631
2017-03-04,1268.94066440678
2017-03-05,1276.27368293396
2017-03-06,1282.25465663355
2017-03-07,1234.47646206897
2017-03-08,1152.13938924606
2017-03-09,1193.45552659264
2017-03-10,1098.53014903565
2017-03-11,1176.822921391
2017-03-12,1231.74835663355
2017-03-13,1239.39629631794
2017-03-14,1246.53656487434
2017-03-15,1258.65138147282
2017-03-16,1178.02075037989
2017-03-17,1072.08253816482
2017-03-18,962.569056165985
2017-03-19,1020.22025353594
2017-03-20,1037.7563458796
2017-03-21,1111.81826358854
2017-03-22,1037.30257013442
2017-03-23,1028.17285628288
2017-03-24,935.063496201052
2017-03-25,968.543329281122
2017-03-26,962.95805458796
2017-03-27,1042.91919777908
2017-03-28,1045.16293161894
2017-03-29,1039.68861578025
2017-03-30,1037.98766142607
2017-03-31,1081.74353109293
2017-04-01,1089.52477182934
2017-04-02,1105.56295575687
2017-04-03,1144.6647710111
2017-04-04,1141.92191870251
2017-04-05,1135.81164377557
2017-04-06,1194.59645938048
2017-04-07,1191.73145108124
2017-04-08,1184.41772033898
2017-04-09,1213.63413980129
2017-04-10,1211.64987621274
2017-04-11,1229.78493290473
2017-04-12,1216.11436785506
2017-04-13,1172.5583396844
2017-04-14,1174.33323354763
2017-04-15,1175.56218901227
2017-04-16,1173.6913798948
2017-04-17,1191.90120146113
2017-04-18,1202.13145803624
2017-04-19,1209.56090888369
2017-04-20,1235.80307451783
2017-04-21,1247.33607025132
2017-04-22,1243.55039257744
2017-04-23,1250.00148322618
2017-04-24,1257.23944225599
2017-04-25,1279.86471741672
2017-04-26,1296.48545745178
2017-04-27,1345.8899556692
2017-04-28,1347.98515552309
2017-04-29,1357.71525341905
2017-04-30,1381.9563722969
2017-05-01,1436.9414880187
2017-05-02,1463.81906846873
2017-05-03,1519.40894447691
2017-05-04,1539.8300515488
2017-05-05,1529.85044301578
2017-05-06,1573.28550961426
2017-05-07,1526.26777171245
2017-05-08,1685.08649631794
2017-05-09,1719.22801355932
2017-05-10,1782.499
2017-05-11,1835.48754821742
2017-05-12,1704.66164108708
2017-05-13,1779.84025669199
2017-05-14,1794.59355055523
2017-05-15,1736.88284611338
2017-05-16,1757.02694856809
2017-05-17,1808.74606469901
2017-05-18,1894.24726455289
2017-05-19,1967.54554769141
2017-05-20,2048.11767799532
2017-05-21,2045.22249316189
2017-05-22,2078.94350002922
2017-05-23,2257.28836382233
2017-05-24,2415.00722665108
2017-05-25,2319.60137866745
2017-05-26,2279.4185836353
2017-05-27,2044.30049982466
2017-05-28,2225.7008666277
2017-05-29,2284.71579748685
2017-05-30,2167.26447790766
2017-05-31,2299.43261025716
2017-06-01,2399.88763194039
2017-06-02,2479.4238943308
2017-06-03,2549.55195151958
2017-06-04,2524.99383354763
2017-06-05,2685.31891671537
2017-06-06,2871.34167735243
2017-06-07,2706.76000885447
2017-06-08,2802.56354681473
2017-06-09,2804.87226691993
2017-06-10,2916.3278597896
2017-06-11,2974.21455920514
2017-06-12,2665.43326995909
2017-06-13,2707.13782402104
2017-06-14,2443.82445137347
2017-06-15,2409.886764173
2017-06-16,2476.35909538282
2017-06-17,2652.75536335476
2017-06-18,2508.21420742256
2017-06-19,2589.64221338399
2017-06-20,2733.22655628288
2017-06-21,2639.26131420222
2017-06-22,2686.64751431911
2017-06-23,2685.87047101111
2017-06-24,2562.18914874342
2017-06-25,2497.72894137931
2017-06-26,2426.36505119813
2017-06-27,2530.34553600234
2017-06-28,2562.79226420222
2017-06-29,2540.44303161894
2017-06-30,2452.71206428989
2017-07-01,2412.3662131502
2017-07-02,2518.8721873758
2017-07-03,2551.92743173583
2017-07-04,2599.74474991233
2017-07-05,2608.10489117475
2017-07-06,2603.19547369959
2017-07-07,2495.78092220923
2017-07-08,2553.4941581239
2017-07-09,2506.17321355932
2017-07-10,2319.36689736996
2017-07-11,2319.16744061952
2017-07-12,2374.88626645237
2017-07-13,2343.73834824664
2017-07-14,2214.82523728814
2017-07-15,1989.63319023963
2017-07-16,1910.74954161309
2017-07-17,2215.74629614261
2017-07-18,2303.7611458796
2017-07-19,2257.06523588545
2017-07-20,2823.89792635885
2017-07-21,2666.1397182934
2017-07-22,2829.75405496786
2017-07-23,2753.24386493279
2017-07-24,2755.1595242256
2017-07-25,2558.69299894798
2017-07-26,2522.32464628872
2017-07-27,2665.14754649328
2017-07-28,2793.83348486265
2017-07-29,2706.4507654588
2017-07-30,2749.3845277031
2017-07-31,2862.61129088252
2017-08-01,2727.38918199883
2017-08-02,2690.14567197545
2017-08-03,2789.74631244886
2017-08-04,2860.27284324956
2017-08-05,3237.42336329632
2017-08-06,3230.11670894214
2017-08-07,3392.56241864407
2017-08-08,3425.67661659848
2017-08-09,3347.21543161894
2017-08-10,3437.03215546464
2017-08-11,3660.52053728813
2017-08-12,3871.08240619521
2017-08-13,4063.80105271771
2017-08-14,4304.60393120982
2017-08-15,4160.0305458796
2017-08-16,4364.67857463472
2017-08-17,4308.51686142607
2017-08-18,4108.50716218586
2017-08-19,4160.33245686733
2017-08-20,4085.8103943308
2017-08-21,3992.62603524255
2017-08-22,4074.33046125073
2017-08-23,4146.9153452367
2017-08-24,4325.81642799532
2017-08-25,4353.13177255991
2017-08-26,4341.97871677382
2017-08-27,4344.90344476914
2017-08-28,4379.76392068966
2017-08-29,4600.45683097604
2017-08-30,4586.63273670368
2017-08-31,4740.35621770894
2017-09-01,4918.16624488603
2017-09-02,4595.02001782583
2017-09-03,4625.296314436
2017-09-04,4374.75349649328
2017-09-05,4454.05253769725
2017-09-06,4607.51652980713
2017-09-07,4635.11187580362
2017-09-08,4345.45765634132
2017-09-09,4335.593449737
2017-09-10,4261.84352104033
2017-09-11,4212.54757334892
2017-09-12,4164.31943424898
2017-09-13,3887.11858679135
2017-09-14,3247.4687390415
2017-09-15,3699.22294389246
2017-09-16,3711.23435067212
2017-09-17,3711.85620397428
2017-09-18,4080.42844301578
2017-09-19,3925.73619023963
2017-09-20,3895.777078609
2017-09-21,3617.24346580947
2017-09-22,3619.2137182934
2017-09-23,3775.60059409702
2017-09-24,3676.89694418469
2017-09-25,3918.73807130333
2017-09-26,3890.09093687902
2017-09-27,4207.78748538866
2017-09-28,4187.76979631794
2017-09-29,4155.01011981298
2017-09-30,4334.54461250731
2017-10-01,4382.08689801286
2017-10-02,4386.8757150789
2017-10-03,4306.56464202221
2017-10-04,4216.68482144944
2017-10-05,4319.42091583869
2017-10-06,4365.91571040327
2017-10-07,4438.85593308007
2017-10-08,4600.73979661017
2017-10-09,4777.53465692577
2017-10-10,4741.07791496201
2017-10-11,4814.96711805962
2017-10-12,5393.66898275862
2017-10-13,5614.07751461134
2017-10-14,5785.73831502046
2017-10-15,5689.86505961426
2017-10-16,5756.14881180596
2017-10-17,5590.41632437171
2017-10-18,5583.8704257744
2017-10-19,5708.31299094097
2017-10-20,6000.88313033314
2017-10-21,6030.20789275278
2017-10-22,5996.59813880772
2017-10-23,5888.25001665693
2017-10-24,5517.77535330216
2017-10-25,5736.01780157802
2017-10-26,5900.31772910579
2017-10-27,5771.94504617183
2017-10-28,5762.38857685564
2017-10-29,6174.72884482758
2017-10-30,6119.25638398597
2017-10-31,6428.51463705435
2017-11-01,6726.41183459965
2017-11-02,7043.77793892461
2017-11-03,7198.63211075394
2017-11-04,7420.498078609
2017-11-05,7371.13902980713
2017-11-06,6985.26384395091
2017-11-07,7118.20254383402
2017-11-08,7451.21278667446
2017-11-09,7117.73804967855
2017-11-10,6620.56733635301
2017-11-11,6346.72144915254
2017-11-12,5829.09782758621
2017-11-13,6519.44517212157
2017-11-14,6592.37439713618
2017-11-15,7257.37321215664
2017-11-16,7833.7044333723
2017-11-17,7729.03327001753
2017-11-18,7796.15424108708
2017-11-19,8018.32068848626
2017-11-20,8269.87425745178
2017-11-21,8091.99808357686
2017-11-22,8249.59733021625
2017-11-23,8071.66982144945
2017-11-24,8232.42233313851
2017-11-25,8760.1654421391
2017-11-26,9319.90331472823
2017-11-27,9730.72857948568
2017-11-28,9932.19418001169
2017-11-29,9800.02755172414
2017-11-30,9996.71497194623
2017-12-01,10808.9583325541
2017-12-02,10934.8599856809
2017-12-03,11213.9426554646
2017-12-04,11562.1285669199
2017-12-05,11736.7540672122
2017-12-06,13992.1323372297
2017-12-07,17032.2933763881
2017-12-08,16298.4873386908
2017-12-09,15050.0219541204
2017-12-10,15474.9995432496
2017-12-11,16873.4977849211
2017-12-12,17433.9307381648
2017-12-13,16515.15257218
2017-12-14,16602.8928033314
2017-12-15,17702.0021721216
2017-12-16,19640.5138834015
2017-12-17,19250.467650789
2017-12-18,18982.0250242548
2017-12-19,17653.3260894214
2017-12-20,16453.6272603741
2017-12-21,15633.8336504968
2017-12-22,14305.7183436587
2017-12-23,14910.8581049094
2017-12-24,14026.3468661601
2017-12-25,14080.9422600818
2017-12-26,15727.1454792519
2017-12-27,15389.0005739334
2017-12-28,14289.4522095266
2017-12-29,14571.7460821157
2017-12-30,12948.7158828171
2017-12-31,13921.4806414378
2018-01-01,13464.6536116306
2018-01-02,14754.322204851
2018-01-03,15010.2861595558
2018-01-04,15070.3007986558
2018-01-05,16997.2274079486
2018-01-06,17103.589279661
2018-01-07,16231.6949994155
2018-01-08,14937.4150894214
2018-01-09,14378.5862174167
2018-01-10,14669.0882656341
2018-01-11,13186.7549427236
2018-01-12,13789.4436639392
2018-01-13,14231.2250645821
2018-01-14,13681.0654611338
2018-01-15,13591.6961966686
2018-01-16,11431.0401052016
2018-01-17,11159.6085905903
2018-01-18,11246.0397302747
2018-01-19,11440.2555616598
2018-01-20,12768.4045856224
2018-01-21,11422.3942589129
2018-01-22,10737.3505774401
2018-01-23,10849.3918793103
2018-01-24,11225.8961747516
2018-01-25,11130.4649473992
2018-01-26,11035.5546098773
2018-01-27,11320.9701852718
2018-01-28,11615.95871128
2018-01-29,11132.5543138515
2018-01-30,9959.54671537113
2018-01-31,10050.0957971946
2018-02-01,9039.86507510228
2018-02-02,8786.0773798948
2018-02-03,9132.10032232613
2018-02-04,8250.52689596727
2018-02-05,6849.54255932203
2018-02-06,7738.64395967271
2018-02-07,7624.59538953828
2018-02-08,8218.58085184103
2018-02-09,8660.45346785505
2018-02-10,8530.29280479252
2018-02-11,8096.72848129749
2018-02-12,8907.67017913501
2018-02-13,8523.96693191116
2018-02-14,9467.3010327294
2018-02-15,10106.7330835769
2018-02-16,10189.3164833431
2018-02-17,11085.5984143776
2018-02-18,10452.0919772063
2018-02-19,11139.3557305669
2018-02-20,11245.9323179427
2018-02-21,10458.8650888369
2018-02-22,9878.15894272355
2018-02-23,10159.0656125073
2018-02-24,9686.60177995325
2018-02-25,9603.22747749854
2018-02-26,10312.3657130333
2018-02-27,10654.1072948568
2018-02-28,10307.0249663939
2018-03-01,10923.6308617767
2018-03-02,11014.0584672706
2018-03-03,11425.6805654588
2018-03-04,11462.5831975453
2018-03-05,11540.6623205728
2018-03-06,10677.0352308591
2018-03-07,9903.0850490941
2018-03-08,9330.47545295149
2018-03-09,9278.13918439509
2018-03-10,8786.56042314436
2018-03-11,9513.53539976622
2018-03-12,9147.89018059615
2018-03-13,9160.54293278784
2018-03-14,8222.12723904149
2018-03-15,8268.58912244302
2018-03-16,8376.90449824664
2018-03-17,7881.66192051432
2018-03-18,8189.01671917008
2018-03-19,8537.0156233197
2018-03-20,8895.54717913501
2018-03-21,8879.5942565751
2018-03-22,8710.66493512566
2018-03-23,8771.74632349503
2018-03-24,8610.9885163647
2018-03-25,8440.61092255991
2018-03-26,8171.18435447107
2018-03-27,7837.26531940386
2018-03-28,7933.64272969024
2018-03-29,7108.5708132671
2018-03-30,6832.14906633548
2018-03-31,6922.2812969024
2018-04-01,6804.52487931035
2018-04-02,7033.25960958504
2018-04-03,7420.80051548802
2018-04-04,6780.54360140269
2018-04-05,6798.42261659848
2018-04-06,6610.49234979544
2018-04-07,6886.46947194623
2018-04-08,7009.99610432496
2018-04-09,6736.89282378726
2018-04-10,6816.71861542957
2018-04-11,6944.78585710111
2018-04-12,7904.33027527762
2018-04-13,7919.06469462303
2018-04-14,8006.41794330801
2018-04-15,8342.27110140269
2018-04-16,8046.98213354763
2018-04-17,7887.73795791935
2018-04-18,8162.83486177674
2018-04-19,8272.96731589714
2018-04-20,8839.5011320865
2018-04-21,8863.54082904734
2018-04-22,8800.95908708358
2018-04-23,8930.78463354763
2018-04-24,9652.21378872005
2018-04-25,8855.50893658679
2018-04-26,9264.72742694331
2018-04-27,8981.33079018118
2018-04-28,9341.82468468732
2018-04-29,9396.99762974869
2018-04-30,9228.7264836353
2018-05-01,9072.16875745178
2018-05-02,9204.12764056108
2018-05-03,9750.70014640561
2018-05-04,9696.64290999416
2018-05-05,9795.92577206312
2018-05-06,9595.08681940386
2018-05-07,9339.5108471654
2018-05-08,9212.36963471654
2018-05-09,9293.04227352425
2018-05-10,9037.53050905903
2018-05-11,8419.75858737581
2018-05-12,8485.77526680304
2018-05-13,8695.83309380479
2018-05-14,8671.07417475161
2018-05-15,8488.463421391
2018-05-16,8327.75620134424
2018-05-17,8050.51623933372
2018-05-18,8233.08645528931
2018-05-19,8229.48293571011
2018-05-20,8511.44883021625
2018-05-21,8398.62312653419
2018-05-22,8007.52653214495
2018-05-23,7520.86767913501
2018-05-24,7575.62448597312
2018-05-25,7425.37567445938
2018-05-26,7326.30318644068
2018-05-27,7338.19304441847
2018-05-28,7110.82388164816
2018-05-29,7453.63372501461
2018-05-30,7374.6690490941
2018-05-31,7478.74186703682
2018-06-01,7519.83573728814
2018-06-02,7637.44825306838
2018-06-03,7702.15793308007
2018-06-04,7486.65319959088
2018-06-05,7611.14985271771
2018-06-06,7650.77580713033
2018-06-07,7665.9478962595
2018-06-08,7622.60233021625
2018-06-09,7556.17169783752
2018-06-10,6744.73580099357
2018-06-11,6849.45268731736
2018-06-12,6526.69968001169
2018-06-13,6306.51316803039
2018-06-14,6629.77012419638
2018-06-15,6399.67404646406
2018-06-16,6495.31530917592
2018-06-17,6450.69397282291
2018-06-18,6703.81258971362
2018-06-19,6732.50880917592
2018-06-20,6753.20682583285
2018-06-21,6720.37323436587
2018-06-22,6059.5758591467
2018-06-23,6174.22577936879
2018-06-24,6146.48719491526
2018-06-25,6243.53544097019
2018-06-26,6096.12876621859
2018-06-27,6139.18968322618
2018-06-28,5858.63577819988
2018-06-29,6220.9137150789
2018-06-30,6375.5412314436
2018-07-01,6361.40253886616
2018-07-02,6608.367157218
2018-07-03,6498.3078591467
2018-07-04,6579.33337638808
2018-07-05,6535.29840268849
2018-07-06,6598.45909585038
2018-07-07,6737.85608036236
2018-07-08,6704.91998012858
2018-07-09,6664.02409351257
2018-07-10,6309.08400409118
2018-07-11,6377.97651139684
2018-07-12,6159.46667621274
2018-07-13,6208.98557188779
2018-07-14,6255.11247866744
2018-07-15,6347.60427381648
2018-07-16,6710.80743746347
2018-07-17,7320.59482787843
2018-07-18,7376.03833927528
2018-07-19,7467.0342980713
2018-07-20,7327.25668293396
2018-07-21,7410.56562039743
2018-07-22,7399.48374693162
2018-07-23,7716.15862741087
2018-07-24,8397.61652162478
2018-07-25,8202.72039538282
2018-07-26,7913.93077819989
2018-07-27,8173.7746113384
2018-07-28,8190.36005669199
2018-07-29,8229.60583869083
2018-07-30,8171.83951928697
2018-07-31,7725.13303594389
2018-08-01,7596.6980119813
2018-08-02,7542.69466189363
2018-08-03,7411.34425014611
2018-08-04,7002.2086528346
2018-08-05,7031.58775102279
2018-08-06,6929.99089421391
2018-08-07,6722.57843278784
2018-08-08,6267.3886735827
2018-08-09,6558.09690794857
2018-08-10,6135.75185856224
2018-08-11,6313.74931180596
2018-08-12,6314.69165575687
2018-08-13,6265.84804383402
2018-08-14,6184.82908562244
2018-08-15,6270.21479865576
2018-08-16,6290.7504552893
2018-08-17,6563.07828872005
2018-08-18,6399.28744681473
2018-08-19,6490.71612711865
2018-08-20,6272.95272881356
2018-08-21,6473.07603945061
2018-08-22,6365.00983167738
2018-08-23,6516.40902542373
2018-08-24,6697.73187872589
2018-08-25,6745.43893921683
2018-08-26,6689.86933313852
2018-08-27,6839.15895236704
2018-08-28,7092.97380829924
2018-08-29,7033.42806808884
2018-08-30,6966.96374371713
2018-08-31,7025.14078024547
2018-09-01,7192.35254734074
2018-09-02,7286.66779105786
2018-09-03,7257.47021391
2018-09-04,7358.81147895967
2018-09-05,6790.89732846289
2018-09-06,6488.07593687902
2018-09-07,6408.65362244301
2018-09-08,6187.79050233781
2018-09-09,6249.24631034483
2018-09-10,6295.3886025716
2018-09-11,6278.42463968439
2018-09-12,6327.53636323787
2018-09-13,6490.91231648159
2018-09-14,6494.69547895967
2018-09-15,6524.16566744594
2018-09-16,6497.40470134424
2018-09-17,6258.59487492694
2018-09-18,6340.34779018118
2018-09-19,6383.95187580362
2018-09-20,6498.60711104617
2018-09-21,6741.14289888954
2018-09-22,6705.47605113969
2018-09-23,6703.13684950321
2018-09-24,6576.5450032145
2018-09-25,6416.44402162478
2018-09-26,6463.25040356517
2018-09-27,6677.90048860316
2018-09-28,6623.12615984804
2018-09-29,6584.49914757452
2018-09-30,6604.485028346
2018-10-01,6561.81383226184
2018-10-02,6508.72093863238
2018-10-03,6464.45684365868
2018-10-04,6545.28566773816
2018-10-05,6585.14957977791
2018-10-06,6550.47831589714
2018-10-07,6564.56826008182
2018-10-08,6604.68527410871
2018-10-09,6590.42862215079
2018-10-10,6529.10243600234
2018-10-11,6159.25164260666
2018-10-12,6191.67722326125
2018-10-13,6197.68569637639
2018-10-14,6182.87934424313
2018-10-15,6442.71541408533
2018-10-16,6461.93715926359
2018-10-17,6442.73070017534
2018-10-18,6396.47981209819
2018-10-19,6383.07784015196
2018-10-20,6408.25274634717
2018-10-21,6415.34050292227
2018-10-22,6408.03363559322
2018-10-23,6395.98766686149
2018-10-24,6413.80364114553
2018-10-25,6402.3248591467
2018-10-26,6404.10855230859
2018-10-27,6409.40532758621
2018-10-28,6406.63325306838
2018-10-29,6263.0417346581
2018-10-30,6272.16772822911
2018-10-31,6306.31693132671
2018-11-01,6342.97750058445
2018-11-02,6348.16858270018
2018-11-03,6332.43413296318
2018-11-04,6420.42200029223
2018-11-05,6402.94683898305
2018-11-06,6441.14521887785
2018-11-07,6500.86980508475
2018-11-08,6406.75293746347
2018-11-09,6331.37876709527
2018-11-10,6353.11273407364
2018-11-11,6335.41420397428
2018-11-12,6320.65605376972
2018-11-13,6267.9379912332
2018-11-14,5574.25834891876
2018-11-15,5538.56060783168
2018-11-16,5496.01623115137
2018-11-17,5501.09234044418
2018-11-18,5555.3763383986
2018-11-19,4792.20002367037
2018-11-20,4317.53067007598
2018-11-21,4549.32200993571
2018-11-22,4303.61554850964
2018-11-23,4289.89285330216
2018-11-24,3806.31692489772
2018-11-25,3946.85087434249
2018-11-26,3700.28599269433
2018-11-27,3776.55590531853
2018-11-28,4208.47526914085
2018-11-29,4239.03948831093
2018-11-30,3973.33405230859
2018-12-01,4148.07372559906
2018-12-02,4098.74676388077
2018-12-03,3843.9766659848
2018-12-04,3892.95164699006
2018-12-05,3709.52085827002
2018-12-06,3511.96898158971
2018-12-07,3372.99569257744
2018-12-08,3407.95119462303
2018-12-09,3540.43957597896
2018-12-10,3413.59258416131
2018-12-11,3352.56420017534
2018-12-12,3423.01291788428
2018-12-13,3260.34158240795
2018-12-14,3198.94747369959
2018-12-15,3185.07404383402
2018-12-16,3195.41455523086
2018-12-17,3499.15648188194
2018-12-18,3659.52737931035
2018-12-19,3697.72530333139
2018-12-20,4067.73770777323
2018-12-21,3839.08510841613
2018-12-22,3964.94611630625
2018-12-23,3942.66699590883
2018-12-24,4040.04578959673
2018-12-25,3761.58401081239
2018-12-26,3807.65745353594
2018-12-27,3585.46053594389
2018-12-28,3881.05488486265
2018-12-29,3823.13832612507
2018-12-30,3825.4074628872
2018-12-31,3687.19994009351
2019-01-01,3808.11783167738
2019-01-02,3898.1974880187
2019-01-03,3784.38863471654
2019-01-04,3827.52459438925
2019-01-05,3798.61395499708
2019-01-06,4045.99377498539
2019-01-07,4001.01827819988
2019-01-08,3992.6227893045
2019-01-09,4004.25903565167
2019-01-10,3627.90345002922
2019-01-11,3624.16142109877
2019-01-12,3617.02207831677
2019-01-13,3508.6701081239
2019-01-14,3666.94519374635
2019-01-15,3581.29301548802
2019-01-16,3606.98657568673
2019-01-17,3640.12913062536
2019-01-18,3609.42673611923
2019-01-19,3687.30196113384
2019-01-20,3538.31372296903
2019-01-21,3535.623393045
2019-01-22,3577.30834979544
2019-01-23,3551.89382115722
2019-01-24,3567.58893366452
2019-01-25,3561.35049795441
2019-01-26,3557.03991525424
2019-01-27,3537.61413062536
2019-01-28,3435.05251402689
2019-01-29,3395.82376329632
2019-01-30,3437.89586616014
2019-01-31,3410.13161601403
2019-02-01,3445.04989129164
2019-02-02,3461.93511747516
2019-02-03,3413.02161630625
2019-02-04,3411.38796171829
2019-02-05,3426.46501139684
2019-02-06,3367.50636499123
2019-02-07,3358.87359906487
2019-02-08,3612.47961922852
2019-02-09,3621.26812098188
2019-02-10,3642.0223591467
2019-02-11,3590.6184836353
2019-02-12,3587.90246580947
2019-02-13,3576.08537258913
2019-02-14,3561.91638340152
2019-02-15,3565.00692372881
2019-02-16,3584.73600263004
2019-02-17,3622.7574289889
2019-02-18,3866.12921712449
2019-02-19,3895.43521098773
2019-02-20,3931.61382904734
2019-02-21,3892.26179427236
2019-02-22,3948.30051052016
2019-02-23,4110.15112127411
2019-02-24,3754.18378988895
2019-02-25,3822.01869666861
2019-02-26,3796.17506838106
2019-02-27,3799.3819924021
2019-02-28,3792.94772296902
2019-03-01,3810.63269257744
2019-03-02,3809.64339099942
2019-03-03,3782.38187025132
2019-03-04,3698.16185505552
2019-03-05,3840.1280490941
2019-03-06,3851.99842548218
2019-03-07,3855.92316832262
2019-03-08,3839.23355289304
2019-03-09,3910.36116656926
2019-03-10,3903.9119509059
2019-03-11,3851.56892168323
2019-03-12,3858.91482378726
2019-03-13,3851.95746639392
2019-03-14,3853.78326504968
2019-03-15,3901.91420689655
2019-03-16,3989.79607685564
2019-03-17,3967.14349444769
2019-03-18,3969.44014582116
2019-03-19,3996.16790356517
2019-03-20,4030.65527586207
2019-03-21,3976.27385008767
2019-03-22,3983.88764582116
2019-03-23,3981.77603302163
2019-03-24,3970.6669880187
2019-03-25,3908.23883869082
2019-03-26,3917.76340210403
2019-03-27,4027.00791788428
2019-03-28,4010.93746201052
2019-03-29,4089.46104003507
2019-03-30,4091.89103834015
2019-03-31,4094.31781472823
2019-04-01,4138.41780771479
2019-04-02,4903.71946206897
2019-04-03,4960.22760274693
2019-04-04,4911.26970245471
2019-04-05,5033.22548369375
2019-04-06,5044.35684593805
2019-04-07,5189.11195558153
2019-04-08,5283.42302483928
2019-04-09,5195.57790882525
2019-04-10,5311.74160327294
2019-04-11,5050.66600859147
2019-04-12,5082.86143202805
2019-04-13,5074.79069257744
2019-04-14,5156.80404061952
2019-04-15,5042.89773845704
2019-04-16,5205.96295745178
2019-04-17,5226.35221519579
2019-04-18,5278.5023395675
2019-04-19,5289.95121911163
2019-04-20,5313.97326212741
2019-04-21,5295.73382817066
2019-04-22,5383.79997533606
2019-04-23,5544.86271186441
2019-04-24,5431.94791963764
2019-04-25,5127.67316738749
2019-04-26,5150.16466066628
2019-04-27,5181.80776364699
2019-04-28,5148.66961542957
2019-04-29,5148.80049327878
2019-04-30,5266.61820251315
2019-05-01,5315.17532904734
2019-05-02,5393.12937638808
2019-05-03,5658.43038836938
2019-05-04,5774.71242869667
2019-05-05,5728.35170222092
2019-05-06,5691.68837405026
2019-05-07,5825.744893045
2019-05-08,5931.8005949737
2019-05-09,6150.14044476914
2019-05-10,6357.46349357101
2019-05-11,7325.08286031561
2019-05-12,6942.62317451783
2019-05-13,7798.90573600234
2019-05-14,7955.5576823495
2019-05-15,8215.2068383986
2019-05-16,7862.07160233782
2019-05-17,7326.92068188194
2019-05-18,7277.98756341321
2019-05-19,8219.74278696669
2019-05-20,7981.13937895967
2019-05-21,7983.80847738165
2019-05-22,7667.90211484512
2019-05-23,7897.4712936879
2019-05-24,7987.10036762127
2019-05-25,8061.59176072472
2019-05-26,8731.52495587376
2019-05-27,8816.78670835769
2019-05-28,8719.12584833431
2019-05-29,8655.48850613676
2019-05-30,8271.62196317942
2019-05-31,8556.222185564
2019-06-01,8554.80732963179
2019-06-02,8744.35374547049
2019-06-03,8173.40127054354
2019-06-04,7649.93933196961
2019-06-05,7798.54446639392
2019-06-06,7776.71332612507
2019-06-07,8023.950093045
2019-06-08,7939.80515488019
2019-06-09,7634.06575073057
2019-06-10,7993.30253857393
2019-06-11,7922.48362711864
2019-06-12,8146.75612507306
2019-06-13,8232.77734137931
2019-06-14,8698.00481502046
2019-06-15,8850.58481601403
2019-06-16,9019.51700672121
2019-06-17,9340.57218877849
2019-06-18,9047.13274447691
2019-06-19,9285.05567656341
2019-06-20,9546.71977819988
2019-06-21,10083.4863136762
2019-06-22,10685.2952327878
2019-06-23,10794.4276963764
2019-06-24,11004.2069094681
2019-06-25,11726.2638308007
2019-06-26,12863.4606849795
2019-06-27,11109.7978418469
2019-06-28,12358.2079582116
2019-06-29,11944.3515473407
2019-06-30,10842.6167109877
2019-07-01,10569.5517282291
2019-07-02,10766.0833162186
2019-07-03,11952.0248935126
2019-07-04,11177.0103787551
2019-07-05,10998.3991004676
2019-07-06,11208.225600526
2019-07-07,11456.1836039158
2019-07-08,12319.6228758036
2019-07-09,12579.107616014
2019-07-10,12106.7829313267
2019-07-11,11294.678028346
2019-07-12,11813.3237158971
2019-07-13,11346.837148159
2019-07-14,10283.0757891292
2019-07-15,10926.3802741087
2019-07-16,9471.14086475745
2019-07-17,9674.88246113384
2019-07-18,10679.8906896552
2019-07-19,10532.2027291058
2019-07-20,10862.6485479252
2019-07-21,10589.7064907656
2019-07-22,10318.5609251899
2019-07-23,9866.64894038574
2019-07-24,9792.78753652835
2019-07-25,9897.18678603156
2019-07-26,9836.69678813559
2019-07-27,9446.67205207481
2019-07-28,9529.78879193454
2019-07-29,9504.15891595558
2019-07-30,9589.10920601987
2019-07-31,10059.0040189947
2019-08-01,10400.3070143776
2019-08-02,10529.6944544126
2019-08-03,10810.4216686148
2019-08-04,10986.5089291058
2019-08-05,11790.0239375804
2019-08-06,11423.4970017534
2019-08-07,11967.2735473407
2019-08-08,11938.2346108708
2019-08-09,11858.3410984804
2019-08-10,11303.7305618936
2019-08-11,11530.195242256
2019-08-12,11384.6962465809
2019-08-13,10867.05475827
2019-08-14,10024.3795917008
2019-08-15,10310.0858696669
2019-08-16,10373.3219028054
2019-08-17,10207.1555616598
2019-08-18,10331.3099760374
2019-08-19,10884.6297744009
2019-08-20,10771.3923793688
2019-08-21,10096.8302238457
2019-08-22,10119.7145248393
2019-08-23,10414.1441725891
2019-08-24,10147.0871548802
2019-08-25,10100.3567783752
2019-08-26,10362.6434723553
2019-08-27,10168.221571654
2019-08-28,9724.79997808299
2019-08-29,9482.31173495032
2019-08-30,9577.67882349503
2019-08-31,9605.02446142607
2019-09-01,9762.93655689655
2019-09-02,10377.3383845704
2019-09-03,10618.7815058445
2019-09-04,10577.2410839275
2019-09-05,10580.1846995909
2019-09-06,10330.8497312098
2019-09-07,10494.5069649328
2019-09-08,10407.2656573933
2019-09-09,10332.4644424313
2019-09-10,10085.9519243133
2019-09-11,10142.1480603741
2019-09-12,10403.3599707773
2019-09-13,10345.3387469316
2019-09-14,10363.4528963179
2019-09-15,10306.1696674459
2019-09-16,10257.822761543
2019-09-17,10195.6111811806
2019-09-18,10161.3188664524
2019-09-19,10268.3926291642
2019-09-20,10170.1251161309
2019-09-21,9986.4061081239
2019-09-22,10047.0134748685
2019-09-23,9692.74104792519
2019-09-24,8613.67124850965
2019-09-25,8424.15764640561
2019-09-26,8091.69529924021
2019-09-27,8186.77963927528
2019-09-28,8201.97901344243
2019-09-29,8064.50806236119
2019-09-30,8282.3654541204
2019-10-01,8314.55139012273
2019-10-02,8362.53073232028
2019-10-03,8254.33991028638
2019-10-04,8165.68615125658
2019-10-05,8141.63371379311
2019-10-06,7854.60981297487
2019-10-07,8226.02342928112
2019-10-08,8190.1151207481
2019-10-09,8598.3319207481
2019-10-10,8578.09037931034
2019-10-11,8289.85402893045
2019-10-12,8323.7501440678
2019-10-13,8291.25065143191
2019-10-14,8346.36843658679
2019-10-15,8160.71262752776
2019-10-16,8003.85592314436
2019-10-17,8072.48938229106
2019-10-18,7959.33199357101
2019-10-19,7948.47733722969
2019-10-20,8213.70903927528
2019-10-21,8211.65455873758
2019-10-22,8029.20537288136
2019-10-23,7458.03585680889
2019-10-24,7454.37113816482
2019-10-25,8656.65517755699
2019-10-26,9249.64676095851
2019-10-27,9558.15604400935
2019-10-28,9319.17814167154
2019-10-29,9431.20712390415
2019-10-30,9182.85506516657
2019-10-31,9155.27729877265
2019-11-01,9251.38129345412
2019-11-02,9300.19083752192
2019-11-03,9209.63869608416
2019-11-04,9418.36013062537
2019-11-05,9330.78722296902
2019-11-06,9354.93338229106
2019-11-07,9210.74822238457
2019-11-08,8791.33393495032
2019-11-09,8810.78456195208
2019-11-10,9042.89072320281
2019-11-11,8713.20792957335
2019-11-12,8788.95814295734
2019-11-13,8766.72943050848
2019-11-14,8645.43580362361
2019-11-15,8465.87788854471
2019-11-16,8477.69024284044
2019-11-17,8505.16122326125
2019-11-18,8183.53341350088
2019-11-19,8116.82067258913
2019-11-20,8076.55466008182
2019-11-21,7612.2774880187
2019-11-22,7277.52427323203
2019-11-23,7324.83617855056
2019-11-24,6943.38065604909
2019-11-25,7139.04468597312
2019-11-26,7165.43773027469
2019-11-27,7526.86381654004
2019-11-28,7436.3363817066
2019-11-29,7747.73804208066
2019-11-30,7556.19372121567
2019-12-01,7417.72720601987
2019-12-02,7318.31252180012
2019-12-03,7306.44623331385
2019-12-04,7215.02034482759
2019-12-05,7404.0867949737
2019-12-06,7534.2083559322
2019-12-07,7512.06140263004
2019-12-08,7528.94026943308
2019-12-09,7340.22745908825
2019-12-10,7232.09178375219
2019-12-11,7200.46444599649
2019-12-12,7192.84902425482
2019-12-13,7244.90372004676
2019-12-14,7071.10709029807
2019-12-15,7111.28666995909
2019-12-16,6882.39579532437
2019-12-17,6608.96197983635
2019-12-18,7284.6254836353
2019-12-19,7146.16763763881
2019-12-20,7184.21917206312
2019-12-21,7140.29801127995
2019-12-22,7479.40240789012
2019-12-23,7321.7487238457
2019-12-24,7235.62908381064
2019-12-25,7191.17416569258
2019-12-26,7194.63975832846
2019-12-27,7237.15044728229
2019-12-28,7306.64330829924
2019-12-29,7391.578521391
2019-12-30,7229.3971006429
2019-12-31,7167.39505464641
2020-01-01,7170.63186879018
2020-01-02,6946.82526914085
2020-01-03,7315.3093603156
2020-01-04,7343.16419438925
2020-01-05,7345.53069181765
2020-01-06,7765.7977346581
2020-01-07,8136.08684190532
2020-01-08,8059.69952887201
2020-01-09,7817.13609322034
2020-01-10,8129.81791992987
2020-01-11,8032.00549503215
2020-01-12,8164.54999316189
2020-01-13,8121.92566762127
2020-01-14,8830.16787346581
2020-01-15,8811.44820251315
2020-01-16,8718.68699801286
2020-01-17,8912.54190414962
2020-01-18,8928.1807565751
2020-01-19,8687.35483664524
2020-01-20,8636.2587862069
2020-01-21,8730.86756019871
2020-01-22,8647.90047399182
2020-01-23,8366.38461396844
2020-01-24,8423.39095815313
2020-01-25,8344.77456896552
2020-01-26,8573.87480958504
2020-01-27,8901.95928486265
2020-01-28,9297.3883176505
2020-01-29,9311.94754354179
2020-01-30,9508.92096493279
2020-01-31,9357.28478240795
2020-02-01,9381.88602863822
2020-02-02,9339.38706312098
2020-02-03,9279.81252051432
2020-02-04,9161.62719772063
2020-02-05,9628.13677586207
2020-02-06,9739.2804364699
2020-02-07,9800.27939982466
2020-02-08,9911.29340841613
2020-02-09,10151.0832026885
2020-02-10,9872.36187305669
2020-02-11,10272.2225558738
2020-02-12,10360.1352229106
2020-02-13,10235.4973226184
2020-02-14,10361.6156901812
2020-02-15,9911.72432700175
2020-02-16,9952.04661157218
2020-02-17,9683.0796277031
2020-02-18,10195.3037904734
2020-02-19,9636.00229865576
2020-02-20,9614.03012244302
2020-02-21,9701.79750268849
2020-02-22,9675.24905756868
2020-02-23,9972.84242308591
2020-02-24,9648.00788310929
2020-02-25,9344.28714009351
2020-02-26,8798.88894856809
2020-02-27,8779.02948188194
2020-02-28,8750.59344599649
2020-02-29,8582.09029964933
2020-03-01,8541.77389392169
2020-03-02,8906.21475645821
2020-03-03,8768.81061420222
2020-03-04,8756.36957218001
2020-03-05,9062.61580274693
2020-03-06,9147.08505897136
2020-03-07,8898.30695675044
2020-03-08,8109.61454114553
2020-03-09,7896.38531987142
2020-03-10,7909.92787545295
2020-03-11,7939.34133477499
2020-03-12,4959.31341437756
2020-03-13,5627.69238836938
2020-03-14,5145.17250642899
2020-03-15,5358.61066335476
2020-03-16,5012.92738778492
2020-03-17,5416.7547106955
2020-03-18,5392.48783594389
2020-03-19,6203.5516320865
2020-03-20,6174.14947603741
2020-03-21,6175.83102220924
2020-03-22,5830.56097960257
2020-03-23,6486.40865733489
2020-03-24,6775.05761893629
2020-03-25,6689.96901285798
2020-03-26,6754.46033606078
2020-03-27,6490.79541502046
2020-03-28,6231.81989023963
2020-03-29,5904.85758679135
2020-03-30,6436.90570017534
2020-03-31,6432.3832421391
2020-04-01,6643.11000870836
2020-04-02,6792.74222209234
2020-04-03,6751.90255178258
2020-04-04,6859.98916867329
2020-04-05,6790.81247264758
2020-04-06,7298.17374517826
2020-04-07,7187.59333664524
2020-04-08,7372.19476399766
2020-04-09,7299.57918790181
2020-04-10,6859.82267475161
2020-04-11,6883.18222895967
2020-04-12,6978.66628661601
2020-04-13,6863.57553319696
2020-04-14,6875.53850344828
2020-04-15,6625.47577510228
2020-04-16,7127.79228223261
2020-04-17,7081.39519842197
2020-04-18,7262.79234360023
2020-04-19,7150.2442154588
2020-04-20,6853.27341478667
2020-04-21,6870.42369865576
2020-04-22,7123.65691992987
2020-04-23,7488.60516528346
2020-04-24,7506.44331648159
2020-04-25,7537.73820911748
2020-04-26,7684.06852168322
2020-04-27,7777.49151858562
2020-04-28,7769.89969842197
2020-04-29,8761.83716954997
2020-04-30,8652.4109912332
2020-05-01,8855.53525827002
2020-05-02,8977.28170537697
2020-05-03,8896.7956383986
2020-05-04,8881.95430450029
2020-05-05,8985.8795993571
2020-05-06,9266.8130730567
2020-05-07,9993.75317685564
2020-05-08,9859.32360461718
2020-05-09,9577.33892238457
2020-05-10,8715.03329322034
2020-05-11,8591.65288433665
2020-05-12,8817.25068112215
2020-05-13,9322.99720204559
2020-05-14,9801.26948772647
2020-05-15,9326.87585891292
2020-05-16,9395.4753893045
2020-05-17,9682.5324811806
2020-05-18,9726.85002209235
2020-05-19,9754.20146201052
2020-05-20,9515.702550263
2020-05-21,9068.80122933957
2020-05-22,9161.81503389831
2020-05-23,9183.66212507305
2020-05-24,8806.23065715956
2020-05-25,8909.19258153127
2020-05-26,8835.13725336061
2020-05-27,9169.05743921683
2020-05-28,9568.26185300994
2020-05-29,9432.41333343074
2020-05-30,9691.68049117475
2020-05-31,9433.94384663939
2020-06-01,10199.1350542373
2020-06-02,9512.34653302163
2020-06-03,9642.27340035067
2020-06-04,9813.36067913501
2020-06-05,9641.8916225599
2020-06-06,9668.67053857393
2020-06-07,9747.58011104617
2020-06-08,9769.34236148451
2020-06-09,9779.42216566335
2020-06-10,9888.44417469316
2020-06-11,9277.45116931619
2020-06-12,9456.16153331385
2020-06-13,9461.33379865576
2020-06-14,9342.955635301
2020-06-15,9441.38321127995
2020-06-16,9520.09194827586
2020-06-17,9448.69356060783
2020-06-18,9389.99076639392
2020-06-19,9285.99158293396
2020-06-20,9357.29246446522
2020-06-21,9284.76937182934
2020-06-22,9684.62018474576
2020-06-23,9611.72599824664
2020-06-24,9292.94354354179
2020-06-25,9247.12143249561
2020-06-26,9159.43777206312
2020-06-27,9002.16561718293
2020-06-28,9108.06567457627
2020-06-29,9184.24736627703
2020-06-30,9143.96758530099
2020-07-01,9241.33961239041
2020-07-02,9094.38728679135
2020-07-03,9066.69069661017
2020-07-04,9126.21955493863
2020-07-05,9079.61401808884
2020-07-06,9338.94259117475
2020-07-07,9252.15873261251
2020-07-08,9434.56795645821
2020-07-09,9231.50234751607
2020-07-10,9285.22101542957
2020-07-11,9237.17100818235
2020-07-12,9289.09797691408
2020-07-13,9236.62250116891
2020-07-14,9260.3569868498
2020-07-15,9196.72555897136
2020-07-16,9132.59231209818
2020-07-17,9156.46870976037
2020-07-18,9175.90530859147
2020-07-19,9218.84231081239
2020-07-20,9167.19056750439
2020-07-21,9388.57434979544
2020-07-22,9531.2574301578
2020-07-23,9609.16671537113
2020-07-24,9548.1007270602
2020-07-25,9702.45279047341
2020-07-26,9933.90655423729
2020-07-27,11046.5083295149
2020-07-28,10944.6129789012
2020-07-29,11115.7712819988
2020-07-30,11135.3907261835
2020-07-31,11338.1973407949
2020-08-01,11797.5821265342
2020-08-02,11094.0206841321
2020-08-03,11236.0956805377
2020-08-04,11202.651909059
2020-08-05,11721.4384715956
2020-08-06,11769.3091081239
2020-08-07,11598.9690585038
2020-08-08,11743.0086350088
2020-08-09,11680.5173661601
2020-08-10,11870.3695447107
2020-08-11,11392.6440884278
2020-08-12,11575.5124736996
2020-08-13,11773.4481155465
2020-08-14,11774.4082518995
2020-08-15,11866.9103613092
2020-08-16,11899.6427535944
2020-08-17,12315.7624166569
2020-08-18,11992.6959962595
2020-08-19,11736.8490645237
2020-08-20,11867.5203439509
2020-08-21,11524.6989491525
2020-08-22,11682.2891503799
2020-08-23,11665.6092735243
2020-08-24,11771.4080537405
2020-08-25,11358.4543202805
2020-08-26,11472.0491204559
2020-08-27,11314.6737410286
2020-08-28,11527.8830322326
2020-08-29,11490.7623477499
2020-08-30,11698.9758329632
2020-08-31,11678.3482268849
2020-09-01,11970.364856166
2020-09-02,11414.5209336645
2020-09-03,10261.4944095266
2020-09-04,10471.9664133255
2020-09-05,10128.64358609
2020-09-06,10253.2998980129
2020-09-07,10367.8783543542
2020-09-08,10108.6354501461
2020-09-09,10223.1114091175
2020-09-10,10334.6307302162
2020-09-11,10387.0207419638
2020-09-12,10436.9778322618
2020-09-13,10322.5236148451
2020-09-14,10662.719912332
2020-09-15,10779.3810249562
2020-09-16,10968.3205465809
2020-09-17,10936.2927505552
2020-09-18,10920.1128439509
2020-09-19,11073.7795478083
2020-09-20,10921.2180998247
2020-09-21,10455.3799623027
2020-09-22,10519.8391641146
2020-09-23,10233.2995687317
2020-09-24,10739.0427094097
2020-09-25,10683.6305806546
2020-09-26,10742.0304202221
2020-09-27,10758.8242899474
2020-09-28,10727.3750541204
2020-09-29,10841.1427444769
2020-09-30,10772.351766803
2020-10-01,10606.6173325541
2020-10-02,10570.1056777908
2020-10-03,10555.7054339567
2020-10-04,10665.618622443
2020-10-05,10772.6355995909
2020-10-06,10596.3735493863
2020-10-07,10667.1943941555
2020-10-08,10902.5293637054
2020-10-09,11074.1036797779
2020-10-10,11302.8542864407
2020-10-11,11378.2625284629
2020-10-12,11548.401556692
2020-10-13,11434.9687849211
2020-10-14,11417.10811391
2020-10-15,11502.5812390415
2020-10-16,11338.9871765634
2020-10-17,11362.8022174167
2020-10-18,11489.6225650497
2020-10-19,11745.8119675628
2020-10-20,11929.4572507306
2020-10-21,12848.4906177674
2020-10-22,12997.4993417884
2020-10-23,12953.4296969608
2020-10-24,13113.8669231444
2020-10-25,13041.6410374635
2020-10-26,13080.6561698422
2020-10-27,13675.5239275278
2020-10-28,13290.3288497954
2020-10-29,13475.2173007013
2020-10-30,13603.2960908825
2020-10-31,13807.2336110462
2020-11-01,13736.89941128
2020-11-02,13595.5647603741
2020-11-03,13996.915398597312
2020-11-04,14129.148195499705
2020-11-05,15606.46683372297
2020-11-06,15618.972471361778
2020-11-07,14866.356304500296
2020-11-08,15500.000707188785
2020-11-09,15319.819972530682
2020-11-10,15319.275676212741
2020-11-11,15731.241105786092
2020-11-12,16289.814897720635
2020-11-13,16330.06276797195
2020-11-14,16102.010016949156
2020-11-15,15986.7549905903
2020-11-16,16743.05393980129
2020-11-17,17682.16918702513
2020-11-18,17804.690023962594
2020-11-19,17818.668662185857
2020-11-20,18663.78185312683
2020-11-21,18706.58933541788
2020-11-22,18482.692631735823
2020-11-23,18373.257759789598
2020-11-24,19150.251048509646
2020-11-25,18748.393713033314
2020-11-26,17113.716871420223
2020-11-27,17101.603018059614
2020-11-28,17745.377312448858
2020-11-29,18190.866880420806
2020-11-30,19664.407606662764
2020-12-01,18820.60778959673
2020-12-02,19214.872229047338
2020-12-03,19470.31120806546
2020-12-04,18732.967090999413
2020-12-05,19114.633130917588
2020-12-06,19356.313676797196
2020-12-07,19182.176832846293
2020-12-08,18340.97813769725
2020-12-09,18574.69673524255
2020-12-10,18294.84695149036
2020-12-11,18061.760025716
2020-12-12,18813.2837685564
2020-12-13,19156.0825055523
2020-12-14,19286.7512992402
2020-12-15,19432.5884640561
2020-12-16,21370.7203186441
2020-12-17,22789.2674160725
2020-12-18,23048.7645610754
2020-12-19,23856.7735192285
2020-12-20,23528.5506135593
2020-12-21,22937.4183435418
2020-12-22,23756.8887685564
2020-12-23,23307.2709018118
2020-12-24,23707.6330440678
2020-12-25,24669.1643220339
2020-12-26,26478.0681052016
2020-12-27,26430.8565971946
2020-12-28,27039.3490199883
2020-12-29,27231.2034552893
2020-12-30,28844.6136781999
2020-12-31,29022.6714126242
2021-01-01,29380.6937327878
2021-01-02,32022.6810578609
2021-01-03,33277.8353050848
2021-01-04,31802.1467136178
2021-01-05,34013.1741724138
2021-01-06,36643.2777223846
2021-01-07,39215.6511490356
2021-01-08,40775.4045634132
2021-01-09,40370.6823495032
2021-01-10,38329.3401665693
2021-01-11,35269.5137177089
2021-01-12,33712.4685452952
2021-01-13,37296.5475277615
2021-01-14,39045.518340152
2021-01-15,36710.3174248977
2021-01-16,36177.2610970193
2021-01-17,36069.939466803
2021-01-18,36594.2964018118
2021-01-19,36250.1461893629
2021-01-20,35515.480012858
2021-01-21,31022.9510280538
2021-01-22,32986.4357568673
2021-01-23,32036.2822723553
2021-01-24,32216.1042904734
2021-01-25,32419.7059462303
2021-01-26,32640.6391426067
2021-01-27,30358.9347235535
2021-01-28,33511.287595149
2021-01-29,34166.1494259497
2021-01-30,34349.9170952659
2021-01-31,33157.8325745178
2021-02-01,33570.2718468732
2021-02-02,35596.1489094097
2021-02-03,37578.3732068966
2021-02-04,37129.2029376972
2021-02-05,38045.4136084161
2021-02-06,39341.727081239
2021-02-07,39003.0121817651
2021-02-08,46121.9340724722
2021-02-09,46548.1619912332
2021-02-10,45078.128350263
2021-02-11,47892.8409181765
2021-02-12,47525.2091431911
2021-02-13,47208.6250270602
2021-02-14,48829.8275096435
2021-02-15,48110.2417334892
2021-02-16,49140.3826578024
2021-02-17,52224.9391139684
2021-02-18,51650.0699485681
2021-02-19,55820.5044038574
2021-02-20,55861.8205670953
2021-02-21,57500.7161102864
2021-02-22,53952.1533386324
2021-02-23,48560.4890350672
2021-02-24,49567.3456890707
2021-02-25,47568.131170076
2021-02-26,46231.7675784921
2021-02-27,45834.5133611923
2021-02-28,45359.4641642314
2021-03-01,49634.4471092928
2021-03-02,48304.7054879018
2021-03-03,50690.4671835184
2021-03-04,48472.7954751607
2021-03-05,48800.8173594389
2021-03-06,48970.5244868498
2021-03-07,51086.4681794272
2021-03-08,52088.475131502
2021-03-09,54739.1352542373
2021-03-10,56116.040912332
2021-03-11,57847.2549357101
2021-03-12,57334.641534775
2021-03-13,61288.7941276447
2021-03-14,59905.6184704851
2021-03-15,56121.121924021
2021-03-16,56500.4460257159
2021-03-17,58683.0659824664
2021-03-18,57731.4798410871
2021-03-19,58168.1219222677
2021-03-20,58247.8847066043
2021-03-21,57447.9330198714
2021-03-22,54453.1373508475
2021-03-23,54563.6119458211
2021-03-24,52595.4113237873
2021-03-25,51547.1248953828
2021-03-26,54817.8571122151
2021-03-27,56019.8373055523
2021-03-28,55713.0381396844
2021-03-29,57571.2333477498
2021-03-30,58684.5483921683
2021-03-31,58792.1948275862
2021-04-01,58818.9770985973
2021-04-02,59031.5340192285
2021-04-03,57282.3896247808
2021-04-04,58202.199391993
2021-04-05,58755.8525295149
2021-04-06,58084.0664231444
2021-04-07,56266.8346762127
2021-04-08,57963.3445994155
2021-04-09,58051.7625563998
2021-04-10,59651.5589877265
2021-04-11,59932.9306469901
2021-04-12,59905.9363744594
2021-04-13,63445.638314436
2021-04-14,62869.4955873758
2021-04-15,63231.162987142
2021-04-16,61571.1100905903
2021-04-17,60280.8761758036
2021-04-18,56389.5579812975
2021-04-19,55798.1370771479
2021-04-20,56474.3737586207
2021-04-21,54025.7995745178
2021-04-22,51882.0598106371
2021-04-23,50954.9100607832
2021-04-24,50279.9484464056
2021-04-25,48946.9407428404
2021-04-26,53943.3499783752
2021-04-27,55027.0309848042
2021-04-28,54787.3787071888
2021-04-29,53567.0811938048
2021-04-30,57741.44441654
2021-05-01,57863.5903927528
2021-05-02,56572.5968410286
2021-05-03,57243.0416054939
2021-05-04,53724.10892519
2021-05-05,57342.0256616014
2021-05-06,56527.3529789597
2021-05-07,57341.0684549386
2021-05-08,58736.1258950906
2021-05-09,58288.4256303916
2021-05-10,55902.9277399182
2021-05-11,56612.1026487434
2021-05-12,50972.355081239
2021-05-13,49368.6144739918
2021-05-14,49997.3959011105
2021-05-15,47047.9633331385
2021-05-16,46022.5037090006
2021-05-17,43492.3954833431
2021-05-18,42789.8093921683
2021-05-19,37642.5200017534
2021-05-20,40799.4021475745
2021-05-21,37174.3311014027
2021-05-22,37643.4197983635
2021-05-23,34774.207221917
2021-05-24,38630.4091186441
2021-05-25,38269.7710747516
2021-05-26,39194.8588980129
2021-05-27,38510.8570417884
2021-05-28,35596.7179510228
2021-05-29,34681.8183670368
2021-05-30,35652.1687703098
2021-05-31,37312.9748970193
2021-06-01,36661.3781184687
2021-06-02,37639.4556732905
2021-06-03,39160.1504132086
2021-06-04,36884.3735551724
2021-06-05,35409.5672366452
2021-06-06,35720.6043546464
2021-06-07,33724.9077517826
2021-06-08,33475.0489234366
2021-06-09,37372.9888953828
2021-06-10,36826.0022185856
2021-06-11,37185.3931268264
2021-06-12,35669.1712817066
2021-06-13,38925.4194289889
2021-06-14,40455.5959833431
2021-06-15,40254.6514679135
2021-06-16,38265.5437726476
2021-06-17,38018.6432346581
2021-06-18,35714.3120787259
2021-06-19,35555.9763966686
2021-06-20,35599.9418784337
2021-06-21,31715.1598624196
2021-06-22,32394.5555949737
2021-06-23,33610.4968129749
2021-06-24,34658.972875979
2021-06-25,31683.5032004676
2021-06-26,31890.6764465225
2021-06-27,34506.4911975453
2021-06-28,34376.188538983
2021-06-29,35933.7782178843
2021-06-30,35065.4661533606
2021-07-01,33505.0804935126
2021-07-02,33782.9459464641
2021-07-03,34588.2242916423
2021-07-04,35355.6078883694
2021-07-05,33911.7538404442
2021-07-06,34123.9815680888
2021-07-07,33931.6186382233
2021-07-08,32819.6595312098
2021-07-09,33914.8810742256
2021-07-10,33610.9458386908
2021-07-11,34258.4413898305
2021-07-12,33135.2359117475
2021-07-13,32641.9759610169
2021-07-14,32798.2845189947
2021-07-15,31707.6900368206
2021-07-16,31455.7175818819
2021-07-17,31547.9511990064
2021-07-18,31707.7038527177
2021-07-19,30883.4697462303
2021-07-20,29766.6577182934
2021-07-21,32119.6572258328
2021-07-22,32306.9614285798
2021-07-23,33439.5957028638
2021-07-24,34166.914654588
2021-07-25,35119.9374360023
2021-07-26,37444.7825102279
2021-07-27,39126.5402881356
2021-07-28,39939.1940432495
2021-07-29,40086.1643950906
2021-07-30,41789.6670981882
2021-07-31,41793.3137481005
2021-08-01,39968.9689544126
2021-08-02,39304.1862835769
2021-08-03,38288.8253975453
2021-08-04,39773.9113489188
2021-08-05,40941.650434249
2021-08-06,42790.3573284629
2021-08-07,44484.9005862069
2021-08-08,43972.3010181181
2021-08-09,46265.6424564582
2021-08-10,45488.7912624196
2021-08-11,45676.3263611923
2021-08-12,44405.7483483343
2021-08-13,47717.4853559322
2021-08-14,47124.2050736411
2021-08-15,47074.370710111
2021-08-16,45984.7199070719
2021-08-17,44714.0967982466
2021-08-18,44954.3637469316
2021-08-19,46646.8615049679
2021-08-20,49240.8356049094
2021-08-21,49070.2409701929
2021-08-22,49363.3160952659
2021-08-23,49590.8763676213
2021-08-24,47925.8622127411
2021-08-25,49002.3166049094
2021-08-26,47190.3449929866
2021-08-27,49048.4755891292
2021-08-28,48852.4687995324
2021-08-29,48948.3479579193
2021-08-30,47125.7685189947
2021-08-31,47219.2443424898
2021-09-01,48688.5375572764
2021-09-02,49369.5862746932
2021-09-03,49860.5341635301
2021-09-04,49919.577563647
2021-09-05,51747.6438565167
2021-09-06,52640.5883740503
2021-09-07,46854.4006028638
2021-09-08,46187.9757306254
2021-09-09,46448.7748290473
2021-09-10,44765.2755762712
2021-09-11,45098.5916447691
2021-09-12,46180.6124563998
2021-09-13,44991.5221277031
2021-09-14,47022.6177597896
2021-09-15,48167.1893676213
2021-09-16,47797.3283237873
2021-09-17,47213.7941294565
2021-09-18,48204.0136519579
2021-09-19,47218.4739964933
2021-09-20,42855.5103448276
2021-09-21,40526.4893760958
2021-09-22,43577.5724821742
2021-09-23,44861.2980329047
2021-09-24,42803.307701052
2021-09-25,42735.2658240795
2021-09-26,43131.2941773816
2021-09-27,42496.7852250146
2021-09-28,41223.7862743425
2021-09-29,41453.9470131502
2021-09-30,43781.546015488
2021-10-01,48078.1315543542
2021-10-02,47792.4391943308
2021-10-03,48202.6229177089
2021-10-04,49288.5013106371
2021-10-05,51558.0493319112
2021-10-06,55419.800411163
2021-10-07,53805.1569125658
2021-10-08,53933.5275908825
2021-10-09,55010.9224751607
2021-10-10,54701.2797022209
2021-10-11,57289.1864570426
2021-10-12,56196.1812597896
2021-10-13,57348.8928769725
2021-10-14,57384.0369146698
2021-10-15,61446.0840073057
2021-10-16,60932.0632119228
2021-10-17,61462.2223722969
2021-10-18,61977.0575514319
2021-10-19,64290.8977574518
2021-10-20,66061.7965639977
2021-10-21,62373.8856206897
2021-10-22,60750.9673718293
2021-10-23,61250.082628872
2021-10-24,60865.4470523086
2021-10-25,63031.6729015196
2021-10-26,60393.9802738165
2021-10-27,58563.3359899766
2021-10-28,60564.5721122151
2021-10-29,62230.8055689655
2021-10-30,61742.9165321449
2021-10-31,61432.9700628287
2021-11-01,61092.0950592051
2021-11-02,63024.7472296902
2021-11-03,62955.9817630041
2021-11-04,61393.8899780246
2021-11-05,61005.840833723
2021-11-06,61455.0536268849
2021-11-07,63043.8290590298
2021-11-08,67541.7555081824
2021-11-09,67095.5856706605
2021-11-10,64756.0779689071
2021-11-11,64962.9312939801
2021-11-12,64078.968037405
2021-11-13,64397.7912063121
2021-11-14,65032.2256548217
2021-11-15,63753.5031592636
2021-11-16,60322.4978530099
2021-11-17,60154.3083661601
2021-11-18,56794.1556271186
2021-11-19,58014.0729888954
2021-11-20,59749.4738229106
2021-11-21,59032.6241017534
2021-11-22,56383.5658760958
2021-11-23,57642.2657980713
2021-11-24,57141.8303784337
2021-11-25,59008.6554792519
2021-11-26,53800.6178389831
2021-11-27,54635.8824628872
2021-11-28,57248.5696963764
2021-11-29,57920.7107299825
2021-11-30,57097.0127942724
2021-12-01,57180.6098439509
2021-12-02,56582.8937691408
2021-12-03,53671.6160680888
2021-12-04,49159.7357983635
2021-12-05,49327.0935999416
2021-12-06,50535.4252232612
2021-12-07,50574.4728344828
2021-12-08,50500.6543513735
2021-12-09,47937.8228458212
2021-12-10,47437.2289725307
2021-12-11,49321.7693252484
2021-12-12,50136.5722568673
2021-12-13,46785.3278410286
2021-12-14,48292.6822501461
2021-12-15,48830.6223860316
2021-12-16,47663.4691077148
2021-12-17,46334.4837489772
2021-12-18,46904.8736753361
2021-12-19,46876.426924021
2021-12-20,46954.7634783168
2021-12-21,49082.0624666277
2021-12-22,48692.0987391584
2021-12-23,50712.9707682642
2021-12-24,50783.8344210988
2021-12-25,50590.4508976622
2021-12-26,50798.3065859147
2021-12-27,50796.3776735827
2021-12-28,47673.0440452367
2021-12-29,46470.3215751023
2021-12-30,47102.4630037989
2021-12-31,46355.1173302747
2022-01-01,47560.0093816482
2022-01-02,47352.5577565751
2022-01-03,46453.432351841
2022-01-04,45905.9611221508
2022-01-05,43530.9440388662
2022-01-06,43144.9652928112
2022-01-07,41512.7845808299
2022-01-08,41799.8128848627
2022-01-09,41886.4985569842
2022-01-10,41816.9510561075
2022-01-11,42768.1786116306
2022-01-12,43961.0265441262
2022-01-13,42626.8653924605
2022-01-14,43102.6476180596
2022-01-15,43206.6744812975
2022-01-16,43168.8596671537
2022-01-17,42211.270399474
2022-01-18,42431.2319670368
2022-01-19,41787.722012858
2022-01-20,40756.1261630625
2022-01-21,36492.2872241379
2022-01-22,34996.390965225
2022-01-23,36271.0502650497
2022-01-24,36659.7252206312
2022-01-25,36952.586773232
2022-01-26,36825.8245993571
2022-01-27,37021.9371332554
2022-01-28,37768.8474836353
2022-01-29,38088.2912279953
2022-01-30,37983.5063845704
2022-01-31,38462.6724029807
2022-02-01,38787.9640824079
2022-02-02,36942.3307493279
2022-02-03,37057.6521879018
2022-02-04,41079.9060881356
2022-02-05,41508.5816925774
2022-02-06,42358.2251732905
2022-02-07,43888.980119813
2022-02-08,44167.4447945646
2022-02-09,44405.0732042665
2022-02-10,43614.3426960842
2022-02-11,42357.3217416715
2022-02-12,42173.4593962595
2022-02-13,42195.5947451782
2022-02-14,42646.1618590883
2022-02-15,44511.9084880187
2022-02-16,44065.7092673875
2022-02-17,40610.024261543
2022-02-18,40044.2204856809
2022-02-19,40095.887329398
2022-02-20,38551.6224967855
2022-02-21,37098.0360081824
2022-02-22,38202.5940818235
2022-02-23,37308.2687344243
2022-02-24,38283.790402104
2022-02-25,39323.7702158387
2022-02-26,39056.5781523086
2022-02-27,37664.7792828755
2022-02-28,43179.2545140269
2022-03-01,44334.457582408
2022-03-02,43984.584926768
2022-03-03,42492.7744552893
2022-03-04,39106.4052159556
2022-03-05,39383.8848433665
2022-03-06,38399.3426268264
2022-03-07,38146.734273232
2022-03-08,38725.477261543
2022-03-09,41989.4028179427
2022-03-10,39482.2584672706
2022-03-11,38825.3644214494
2022-03-12,38951.1300157802
2022-03-13,37808.3174004091
2022-03-14,39649.0453243717
2022-03-15,39356.8139000584
2022-03-16,41101.768579135
2022-03-17,40966.4169324956
2022-03-18,41826.1160710111
2022-03-19,42193.1615362361
2022-03-20,41294.7235129164
2022-03-21,41064.429648159
2022-03-22,42383.169518761
2022-03-23,42734.2000355932
2022-03-24,43974.5935882525
2022-03-25,44347.034279661
2022-03-26,44519.9268641145
2022-03-27,46777.2056265342
2022-03-28,47223.6528860316
2022-03-29,47463.7096770894
2022-03-30,47123.2971478667
2022-03-31,45562.2106665693
2022-04-01,46250.3362878434
2022-04-02,45939.8973489188
2022-04-03,46440.5438538866
2022-04-04,46663.0041770894
2022-04-05,45693.0350619521
2022-04-06,43304.9371990064
2022-04-07,43569.0471697837
2022-04-08,42222.0689772063
2022-04-09,42680.9947355932
2022-04-10,42264.4633909994
2022-04-11,39544.0251835184
2022-04-12,40096.3669748685
2022-04-13,41152.7554517826
2022-04-14,39916.4963842782
2022-04-15,40527.3319567504
2022-04-16,40439.5881209819
2022-04-17,39704.7839798364
2022-04-18,40818.8786025716
2022-04-19,41489.6638011689
2022-04-20,41395.64458346
2022-04-21,40457.4959418469
2022-04-22,39737.9735040912
2022-04-23,39582.4548720047
2022-04-24,39511.6456928697
2022-04-25,40473.7483176505
2022-04-26,38072.800873758
2022-04-27,39218.5376174752
2022-04-28,39747.9894270018
2022-04-29,38609.5059070719
2022-04-30,37714.0949804208
2022-05-01,38459.226979135
2022-05-02,38566.0628877849
2022-05-03,37704.4053153127
2022-05-04,39641.852176505
2022-05-05,36502.0245601403
2022-05-06,36042.9995584453
2022-05-07,35508.7110227937
2022-05-08,34058.9066861484
2022-05-09,30457.9218194039
2022-05-10,30990.7351659848
2022-05-11,28796.5568217417
2022-05-12,29030.7070417884
2022-05-13,29285.9346718293
2022-05-14,30051.935755114
2022-05-15,31182.6212460549
2022-05-16,29889.6124757452
2022-05-17,30438.1944476914
2022-05-18,28771.2204786675
2022-05-19,30257.8852483928
2022-05-20,29224.245998422
2022-05-21,29420.0782857978
2022-05-22,30331.87514173
2022-05-23,29088.2515419638
2022-05-24,29643.6837556984
2022-05-25,29577.259880187
2022-05-26,29332.4860467563
2022-05-27,28612.0413103448
2022-05-28,29045.5206344243
2022-05-29,29430.0689800117
2022-05-30,31735.9549719462
2022-05-31,31831.4095251315
2022-06-01,29825.9221992987
2022-06-02,30504.2679997078
2022-06-03,29662.6709708942
2022-06-04,29792.4076779077
2022-06-05,29915.4093009936
2022-06-06,31333.6770197545
2022-06-07,31175.0324289889
2022-06-08,30228.464698422
2022-06-09,30064.4855289305
2022-06-10,29070.4000300994
2022-06-11,28360.7899231444
2022-06-12,26830.2839456458
2022-06-13,22316.2570400351
2022-06-14,22072.8663085915
2022-06-15,22520.7910087668
2022-06-16,20310.1769848042
2022-06-17,20464.9290873174
2022-06-18,19013.8672536528
2022-06-19,20492.2951683226
2022-06-20,20571.6292247224
2022-06-21,20688.4651312098
2022-06-22,20003.1683375219
2022-06-23,21097.1028331385
2022-06-24,21299.0769853887
2022-06-25,21468.3431566335
2022-06-26,21066.6209430158
2022-06-27,20751.0516960842
2022-06-28,20263.2196393922
2022-06-29,20080.9480864991
2022-06-30,19332.9121294565
2022-07-01,19341.8631240795
2022-07-02,19231.8317083577
2022-07-03,19276.5146639392
2022-07-04,20226.2984745763
2022-07-05,20193.3427938048
2022-07-06,20560.8438126826
2022-07-07,21651.4191423144
2022-07-08,21813.7871239042
2022-07-09,21585.1321922852
2022-07-10,20831.2733915839
2022-07-11,19971.3294704851
2022-07-12,19339.1534734074
2022-07-13,20155.5278386908
2022-07-14,20552.8990289304
2022-07-15,20831.722700526
2022-07-16,21196.5091428989
2022-07-17,20827.8886085915
2022-07-18,22305.7066428989
2022-07-19,23371.2026601403
2022-07-20,23280.9356680304
2022-07-21,23152.4093112215
2022-07-22,22706.0835554646
2022-07-23,22484.4592317358
2022-07-24,22653.3570260082
2022-07-25,21510.1255874342
2022-07-26,21181.6591967855
2022-07-27,22898.4150683226
2022-07-28,23838.5568838691
2022-07-29,23950.7403798948
2022-07-30,23623.4349611338
2022-07-31,23356.1722215079
2022-08-01,23331.4426969608
2022-08-02,23031.4268834015
2022-08-03,22809.7474418469
2022-08-04,22628.3320821157
2022-08-05,23248.9715023378
2022-08-06,22996.2750452952
2022-08-07,23153.6584713618
2022-08-08,23803.6505154296
2022-08-09,23186.2917464641
2022-08-10,23923.0584830508
2022-08-11,23934.4390561075
2022-08-12,24396.3088462887
2022-08-13,24426.2225748101
2022-08-14,24314.2021315021
2022-08-15,24083.9539748685
2022-08-16,23868.8193530099
2022-08-17,23336.3489310345
2022-08-18,23221.1706028638
2022-08-19,20906.7663141438
2022-08-20,21146.6548021625
2022-08-21,21553.9961717125
2022-08-22,21301.0840581531
2022-08-23,21534.5143521333
2022-08-24,21424.9728232028
2022-08-25,21587.8395844535
2022-08-26,20246.1655733489
2022-08-27,20043.9909485681
2022-08-28,19673.5412188778
2022-08-29,20270.960383986
2022-08-30,19825.4632066043
2022-08-31,20024.6716059614
2022-09-01,20105.4626072472
2022-09-02,19948.8567472823
2022-09-03,19803.8332697253
2022-09-04,19961.9118907072
2022-09-05,19797.7967884278
2022-09-06,18846.150537405
2022-09-07,19292.9070745178
2022-09-08,19319.1248512566
2022-09-09,21363.3136152542
2022-09-10,21715.2107980713
2022-09-11,21732.7705686733
2022-09-12,22365.2145601987
2022-09-13,20165.0421607247
2022-09-14,20246.3660424313
2022-09-15,19696.8698661601
2022-09-16,19741.5776168907
2022-09-17,20120.7023459965
2022-09-18,19427.1002626534
2022-09-19,19557.9769582116
2022-09-20,18872.9498667446
2022-09-21,18506.7607481005
2022-09-22,19414.5396449445
2022-09-23,19326.8648199883
2022-09-24,18924.7677872589
2022-09-25,18793.1561531268
2022-09-26,19201.1317209234
2022-09-27,19106.7389135009
2022-09-28,19454.937210111
2022-09-29,19540.8664105786
2022-09-30,19435.1946917008
2022-10-01,19311.861629398
2022-10-02,19015.2928050847
2022-10-03,19633.4325859147
2022-10-04,20339.9712811221
2022-10-05,20155.0996987142
2022-10-06,19950.5477957335
2022-10-07,19539.1439216832
2022-10-08,19416.1772291058
2022-10-09,19428.3671323787
2022-10-10,19154.4042346581
2022-10-11,19039.2820683811
2022-10-12,19156.9115645821
2022-10-13,19387.8336806546
2022-10-14,19177.6941031561
2022-10-15,19069.8749272355
2022-10-16,19261.7497878434
2022-10-17,19557.0218106371
2022-10-18,19341.4075543542
2022-10-19,19132.1544254822
2022-10-20,19033.3760239626
2022-10-21,19174.8763487434
2022-10-22,19207.6285078901
2022-10-23,19565.4123243717
2022-10-24,19341.460210111
2022-10-25,20094.9611215663
2022-10-26,20797.0308258328
2022-10-27,20280.1751280538
2022-10-28,20604.6138535944
2022-10-29,20803.8999205143
2022-10-30,20616.7033766803
2022-10-31,20490.8581808884
2022-11-01,20483.966530976
2022-11-02,20148.2845537697
2022-11-03,20198.1111860316
2022-11-04,21157.2449275278
2022-11-05,21283.4715999416
2022-11-06,20946.8030359439
2022-11-07,20568.5651183518
2022-11-08,18520.971163647
2022-11-09,15758.2912819988
2022-11-10,17541.5602866745
2022-11-11,16916.8506312098
2022-11-12,16771.2426718293
2022-11-13,16320.4983375219
2022-11-14,16629.4784146698
2022-11-15,16855.59378609
2022-11-16,16659.6063345996
2022-11-17,16675.1790204559
2022-11-18,16661.5229576271
2022-11-19,16696.0040581531
2022-11-20,16246.8446992987
2022-11-21,15778.0174047341
2022-11-22,16172.8893445354
2022-11-23,16574.0617299825
2022-11-24,16583.5243445354
2022-11-25,16522.3887767388
2022-11-26,16448.6413077148
2022-11-27,16436.0707688486
2022-11-28,16212.5814161309
2022-11-29,16443.0368199883
2022-11-30,17176.8986914085
2022-12-01,16961.2918042081
2022-12-02,17075.1091370544
2022-12-03,16899.5073831093
2022-12-04,17121.7149824664
2022-12-05,16961.3517866745
2022-12-06,17070.5158281707
2022-12-07,16848.2518243717
2022-12-08,17231.4563223261
2022-12-09,17136.1490008767
2022-12-10,17124.2146797195
2022-12-11,17094.3606592636
2022-12-12,17195.5249962011
2022-12-13,17774.9166320865
2022-12-14,17809.7240835769
2022-12-15,17344.0544569258
2022-12-16,16606.1101750438
2022-12-17,16774.3853702513
2022-12-18,16776.1159254822
2022-12-19,16424.1313857393
2022-12-20,16901.8169362946
2022-12-21,16800.5329707773
2022-12-22,16814.2225791935
2022-12-23,16780.5169798363
2022-12-24,16837.612170076
2022-12-25,16824.8389736996
2022-12-26,16879.9382273524
2022-12-27,16698.9112708942
2022-12-28,16536.2942001753
2022-12-29,16630.5931551724
2022-12-30,16593.6888287551
2022-12-31,16524.2178024547
2023-01-01,16606.7520432496
2023-01-02,16688.7192729398
2023-01-03,16670.0773836937
2023-01-04,16848.3660391584
2023-01-05,16824.8001826417
2023-01-06,16957.8622738165
2023-01-07,16942.6285891292
2023-01-08,17059.2399444769
2023-01-09,17182.3198521333
2023-01-10,17433.9146320865
2023-01-11,17833.7107656341
2023-01-12,18869.7044842198
2023-01-13,19868.7247454705
2023-01-14,21010.9227200468
2023-01-15,20876.0085561075
2023-01-16,21180.4119485681
2023-01-17,21178.2993962595
2023-01-18,20709.6686040327
2023-01-19,21071.8334152542
2023-01-20,22660.7169421391
2023-01-21,22803.172761543
2023-01-22,22716.2771966686
2023-01-23,22929.0248936295
2023-01-24,22611.1268787259
2023-01-25,23109.0845189947
2023-01-26,23008.6894766219
2023-01-27,23070.4964582116
2023-01-28,23008.8094649328
2023-01-29,23774.9963679135
2023-01-30,22799.427261543
2023-01-31,23130.0519132087
2023-02-01,23727.2026075395
2023-02-02,23505.6048430742
2023-02-03,23445.8131773816
2023-02-04,23355.5243863238
2023-02-05,22957.2251905319
2023-02-06,22745.1650371128
2023-02-07,23266.2692036821
2023-02-08,22937.5799453536
2023-02-09,21818.1989456458
2023-02-10,21620.5667837522
2023-02-11,21864.8626414378
2023-02-12,21772.1373252484
2023-02-13,21798.7157168323
2023-02-14,22222.415043834
2023-02-15,24304.6129827586
2023-02-16,23742.4488354763
2023-02-17,24607.3356054939
2023-02-18,24636.5266127995
2023-02-19,24366.9907606663
2023-02-20,24797.8430359439
2023-02-21,24400.3893898305
2023-02-22,24163.7389812975
2023-02-23,23910.0342104033
2023-02-24,23175.8242036821
2023-02-25,23159.8154403857
2023-02-26,23542.0964281122
2023-02-27,23504.1894178843
2023-02-28,23145.9491277031
2023-03-01,23610.6590902981
2023-03-02,23470.0254815897
2023-03-03,22350.0962340736
2023-03-04,22334.2852638808
2023-03-05,22419.8171390999
2023-03-06,22414.7033056692
2023-03-07,22174.6484725307
2023-03-08,21701.3846227352
2023-03-09,20349.8141732905
2023-03-10,20240.406694623
2023-03-11,20585.2343290473
2023-03-12,22065.9800359439
2023-03-13,24154.4290946815
2023-03-14,24769.0175691409
2023-03-15,24409.8017518995
2023-03-16,25043.2388468732
2023-03-17,27450.6282933957
2023-03-18,26985.7359915254
2023-03-19,28185.2043319696
2023-03-20,27834.3361090006
2023-03-21,28172.7950558153
2023-03-22,27341.5571297487
2023-03-23,28387.8897495617
2023-03-24,27464.1249453536
2023-03-25,27488.954880187
2023-03-26,28049.3916911163
2023-03-27,27154.9963702513
2023-03-28,27283.9634029807
2023-03-29,28389.2917784921
2023-03-30,28021.5583009936
2023-03-31,28514.6813062537
2023-04-01,28494.5638863238
2023-04-02,28161.9980362361
2023-04-03,27850.9799436002
2023-04-04,28113.9585187025
2023-04-05,28190.3116063705
2023-04-06,28049.0744763296
2023-04-07,27936.8042609585
2023-04-08,27964.0512498539
2023-04-09,28357.8072703098
2023-04-10,29687.5651846873
2023-04-11,30247.0959193454
2023-04-12,29913.0035463472
2023-04-13,30370.82207218
2023-04-14,30458.9700414962
2023-04-15,30342.0591084161
2023-04-16,30312.9308533022
2023-04-17,29469.5050727645
2023-04-18,30366.8723813559
2023-04-19,28796.7440952659
2023-04-20,28251.2763790181
2023-04-21,27292.0211052016
2023-04-22,27827.5475920514
2023-04-23,27604.6855742256
2023-04-24,27520.1996729982
2023-04-25,28302.6942180012
2023-04-26,28384.2340333139
2023-04-27,29465.5514272355
2023-04-28,29350.811886616
2023-04-29,29221.5145075979
2023-04-30,29362.0867974868
2023-05-01,28114.9531873174
2023-05-02,28690.5809959088
2023-05-03,29045.0427735243
2023-05-04,28855.8574465225
2023-05-05,29552.9695236704
2023-05-06,28899.4629602572
2023-05-07,28761.738434249
2023-05-08,27727.2854091175
2023-05-09,27642.4281092928
2023-05-10,27646.004902104
2023-05-11,26986.271065751
2023-05-12,26773.3443591467
2023-05-13,26841.3982913501
2023-05-14,26918.261597896
2023-05-15,27231.6216052016
2023-05-16,27025.7181864407
2023-05-17,27401.0440610754
2023-05-18,26843.2350938048
2023-05-19,26889.503631502
2023-05-20,27100.8582878434
2023-05-21,26777.0977831677
2023-05-22,26858.7370637054
2023-05-23,27226.8558763881
2023-05-24,26341.4306446522
2023-05-25,26484.8359234366
2023-05-26,26720.3838071303
2023-05-27,26854.5403702513
2023-05-28,28097.5211259497
2023-05-29,27765.0728693746
2023-05-30,27712.4915844535
2023-05-31,27217.6832580362
2023-06-01,26825.3713451198
2023-06-02,27255.2279941555
2023-06-03,27079.4084643483
2023-06-04,27158.25456955
2023-06-05,25785.8514842198
2023-06-06,27213.7705187025
2023-06-07,26339.5790292227
2023-06-08,26521.693600526
2023-06-09,26470.6775780245
2023-06-10,25863.2138506721
2023-06-11,25906.8281516657
2023-06-12,25906.7519354179
2023-06-13,25880.8599734074
2023-06-14,25097.5853796026
2023-06-15,25559.1433293396
2023-06-16,26331.8200943892
2023-06-17,26514.1713495032
2023-06-18,26353.962682934
2023-06-19,26778.0634415547
2023-06-20,28305.4204573349
2023-06-21,30099.5153509643
2023-06-22,29952.5112866745
2023-06-23,30638.3537644652
2023-06-24,30549.0162872589
2023-06-25,30467.4403705435
2023-06-26,30255.8861241964
2023-06-27,30667.0762948568
2023-06-28,30104.0432717709
2023-06-29,30460.792978083
2023-06-30,30484.503257744
2023-07-01,30581.6889655172
2023-07-02,30594.2164736996
2023-07-03,31135.3575993571
2023-07-04,30799.9474558738
2023-07-05,30497.8221282876
2023-07-06,29979.7298094681
2023-07-07,30329.8829786674
2023-07-08,30263.6196341321
2023-07-09,30163.2210563998
2023-07-10,30394.6555806546
2023-07-11,30616.247094097
2023-07-12,30385.6087852133
2023-07-13,31434.7354704851
2023-07-14,30310.6720204559
2023-07-15,30290.8905958504
2023-07-16,30249.7729658095
2023-07-17,30143.7462744009
2023-07-18,29835.7474076563
2023-07-19,29913.0294646406
2023-07-20,29805.6065707189
2023-07-21,29919.6934921099
2023-07-22,29726.0096271186
2023-07-23,30066.5724482759
2023-07-24,29178.3597042665
2023-07-25,29221.2548533022
2023-07-26,29361.5917580362
2023-07-27,29201.6865175336
2023-07-28,29316.3130751023
2023-07-29,29360.376179135
2023-07-30,29262.8367337814
2023-07-31,29219.8201887785
2023-08-01,29499.5875385739
2023-08-02,29143.1519620105
2023-08-03,29192.3448617767
2023-08-04,29057.2532437171
2023-08-05,29053.0956975453
2023-08-06,29048.0433275862
2023-08-07,29164.3585873758
2023-08-08,29779.511383986
2023-08-09,29582.9442375804
2023-08-10,29430.1599117475
2023-08-11,29399.784739626
2023-08-12,29415.733902104
2023-08-13,29286.1176110462
2023-08-14,29408.9717127411
2023-08-15,29167.59721654
2023-08-16,28754.2924079486
2023-08-17,26660.5627264757
2023-08-18,26037.3658474576
2023-08-19,26093.981808007
2023-08-20,26176.4721642315
2023-08-21,26128.9050160725
2023-08-22,25978.2096914085
2023-08-23,26452.1935882525
2023-08-24,26126.7943331385
2023-08-25,26040.881255114
2023-08-26,26006.1740800701
2023-08-27,26086.3612594974
2023-08-28,26103.2765730567
2023-08-29,27672.2221306254
2023-08-30,27298.997779661
2023-08-31,25954.8665935126
2023-09-01,25802.7885298071
2023-09-02,25868.2960976037
2023-09-03,25962.5475689655
2023-09-04,25799.5256870251
2023-09-05,25782.3622200468
2023-09-06,25754.7902676797
2023-09-07,26210.6045637054
2023-09-08,25904.6982127411
2023-09-09,25894.6205976037
2023-09-10,25831.4647802455
2023-09-11,25135.0393781414
2023-09-12,25859.7018068381
2023-09-13,26226.8667524839
2023-09-14,26556.056943308
2023-09-15,26672.6160818235
2023-09-16,26555.6361031561
2023-09-17,26502.4321189363
2023-09-18,26764.6319064874
2023-09-19,27215.0504848042
